<?xml version="1.0" encoding="UTF-8"?>
<beans xmlns="http://www.springframework.org/schema/beans"
	xmlns:xsi="http://www.w3.org/2001/XMLSchema-instance"
	xmlns:context="http://www.springframework.org/schema/context"
	xmlns:mvc="http://www.springframework.org/schema/mvc"
	xmlns:tx="http://www.springframework.org/schema/tx"
	xsi:schemaLocation="http://www.springframework.org/schema/mvc http://www.springframework.org/schema/mvc/spring-mvc-4.3.xsd
		http://www.springframework.org/schema/beans http://www.springframework.org/schema/beans/spring-beans.xsd
		http://www.springframework.org/schema/context http://www.springframework.org/schema/context/spring-context-4.3.xsd
		http://www.springframework.org/schema/tx http://www.springframework.org/schema/tx/spring-tx-4.3.xsd">
	<mvc:annotation-driven></mvc:annotation-driven>
	
	<bean class="org.springframework.web.servlet.view.InternalResourceViewResolver">
		<property name="prefix" value="WEB-INF/jsp/"/>
		<property name="suffix" value=".jsp"/>
	</bean>
	
	<bean id="ds"  class="org.apache.commons.dbcp.BasicDataSource" destroy-method="close">
		<property name="driverClassName" value="${dbDriver}"/>
		<property name="url" value="${dbUrl}"/>
		<property name="username" value="${dbUsername}"/>
		<property name="password" value="${dbPassword}"/>	
	</bean>
	
	<bean id="placeholderConfig"
		class="org.springframework.beans.factory.config.PropertyPlaceholderConfigurer">
	<property name="location"
		value="classpath:/dbInfo.properties" />
	</bean>
	<context:component-scan base-package="com.demo.controller"></context:component-scan>
	
	
	<!-- <context:property-placeholder location="/src/main/java/com/demo/assets/dbInfo.properties"/>-->
	<!-- <context:property-placeholder location="/target/m2e-wtp/web-resources/META-INF/maven/com.demo/basicwebapp1/pom.properties"/>-->
	
	<!-- <bean id="MyControllerDAO" class="com.demo.controller.MyControllerDAO"></bean>-->
	
	<!-- <tx:annotation-driven/>-->

<context:component-scan base-package="com.demo.model"></context:component-scan>

</beans>
